{
  "baseVersion": "1.5",
  "baseVersionCode": 5,
  "changes": {
    "assets": {
      "added": [],
      "deleted": [],
      "modified": []
    },
    "dex": {
      "added": [],
      "deleted": [],
      "modified": []
    },
    "resources": {
      "added": [],
      "deleted": [],
      "modified": [
        "res/v9.xml"
      ]
    }
  },
  "createTime": 1768909916212,
  "fileSize": 0,
  "md5": "00000000000000000000000000000000",
  "packageName": "com.orange.update",
  "patchId": "patch_1768909916212_95d02b64",
  "patchMode": "full_dex",
  "patchVersion": "1.6",
  "targetVersion": "1.6",
  "targetVersionCode": 6
}